Event Type,Event Name,Location,Date,Description
Party,Party - Speech Treatment,Joshuatown,2/13/2025,Corporate gala night
Wedding,Wedding - Vote Image,West Mark,6/12/2025,Garden wedding celebration
Conference,Conference - Season Anything,Krystalland,9/29/2025,Innovations in healthcare tech
Workshop,Workshop - Your Road,Ginaview,5/1/2025,Graphic design masterclass
Workshop,Workshop - Follow Across,West Angelachester,12/23/2025,Intro to data science techniques
Conference,Conference - Walk Space,Zoeberg,8/12/2025,Cloud computing summit
Workshop,Workshop - Whether Two,Lake Nicoleberg,9/10/2025,Python for beginners
Wedding,Wedding - Full Finally,New Donaldmouth,5/28/2025,Traditional cultural wedding
Party,Party - Accept Knowledge,West Saraberg,11/13/2025,Corporate gala night
Conference,Conference - Simply Upon,North Theresamouth,2/18/2025,Business networking event
Conference,Conference - Last Build,North Kyle,1/28/2025,Cloud computing summit
Wedding,Wedding - Effect National,New Sarahton,7/28/2025,Private family wedding
Party,Party - Someone Character,Port Kathyfurt,3/7/2025,Graduation celebration
Workshop,Workshop - Concern We,Dustinfort,2/10/2025,Python for beginners
Workshop,Workshop - Natural Charge,Kellymouth,9/26/2025,Graphic design masterclass
Wedding,Wedding - Analysis Create,Ericchester,3/19/2025,Destination beach wedding
Conference,Conference - Spring Statement,Brownberg,4/4/2025,Innovations in healthcare tech
Party,Party - Experience Almost,Smithberg,2/27/2025,Graduation celebration
Workshop,Workshop - Able Become,South Ashley,1/21/2025,Cybersecurity awareness training
Conference,Conference - With Across,South Tina,11/24/2025,AI conference with workshops
Party,Party - Appear Community,North Shawnport,2/17/2025,Corporate gala night
Conference,Conference - Senior Because,East Willieberg,2/20/2025,AI conference with workshops
Conference,Conference - Trouble Husband,West Jessicaland,3/23/2025,AI conference with workshops
Conference,Conference - Huge Lead,North Barbara,6/22/2025,Business networking event
Conference,Conference - Decade Order,Michaelville,3/1/2025,AI conference with workshops
Conference,Conference - Western Happy,New Christinaton,2/2/2025,Cloud computing summit
Party,Party - Short Consider,Lake Sarah,10/24/2025,Corporate gala night
Wedding,Wedding - Medical Trade,Tuckerville,1/9/2025,Garden wedding celebration
Wedding,Wedding - Drug Central,Freemanstad,12/15/2025,Destination beach wedding
Wedding,Wedding - By Consumer,North Patriciashire,7/23/2025,Destination beach wedding
Wedding,Wedding - Course Full,Myersstad,9/19/2025,Garden wedding celebration
Workshop,Workshop - Pretty Food,Lake Jay,3/7/2025,Learn Java Basics
Wedding,Wedding - Allow Discover,Lake Williamfort,10/17/2025,Luxury resort wedding
Workshop,Workshop - Value Be,North Desireeville,11/28/2025,Cybersecurity awareness training
Party,Party - Also Late,South Sharon,6/27/2025,Celebrate the New Year
Workshop,Workshop - Election Accept,Amyville,1/14/2025,Python for beginners
Workshop,Workshop - Much Should,North Kimberlyside,5/7/2025,Cybersecurity awareness training
Workshop,Workshop - Her Spend,Knightfort,7/18/2025,Learn Java Basics
Conference,Conference - Other Bar,East Michaelstad,9/1/2025,Business networking event
Party,Party - Could Increase,Evanston,3/28/2025,Graduation celebration
Workshop,Workshop - Suggest Loss,South Adriantown,8/4/2025,Learn Java Basics
Workshop,Workshop - Letter Purpose,North Nicole,3/1/2025,Intro to data science techniques
Workshop,Workshop - Me Voice,North Brendamouth,4/17/2025,Intro to data science techniques
Party,Party - Race Maintain,Wellstown,6/9/2025,Summer beach festival
Wedding,Wedding - Support Machine,East Danielport,6/14/2025,Traditional cultural wedding
Workshop,Workshop - Course Nearly,Desireeview,10/14/2025,Intro to data science techniques
Conference,Conference - Especially Community,South Jamesstad,1/10/2025,Innovations in healthcare tech
Wedding,Wedding - Kid Move,Helenside,3/8/2025,Private family wedding
Party,Party - Decide Great,Stacyhaven,6/23/2025,Celebrate the New Year
Workshop,Workshop - Manage Low,Cristinachester,2/12/2025,Learn Java Basics
Party,Party - Group May,Josephchester,5/6/2025,Corporate gala night
Workshop,Workshop - Type Process,Jamesstad,11/25/2025,Learn Java Basics
Conference,Conference - Floor Product,Port Derrickchester,11/11/2025,Innovations in healthcare tech
Conference,Conference - Impact Herself,East Matthewmouth,12/8/2025,Showcase of tech trends
Wedding,Wedding - Article Own,Sotofort,5/30/2025,Garden wedding celebration
Wedding,Wedding - Billion Go,Reidshire,6/19/2025,Luxury resort wedding
Conference,Conference - Decide Career,Lake Joshua,7/12/2025,Business networking event
Party,Party - Particularly Smile,Evansside,1/17/2025,Summer beach festival
Workshop,Workshop - Career Stop,Greenborough,5/12/2025,Graphic design masterclass
Wedding,Wedding - Decade Mean,West Kevin,5/20/2025,Luxury resort wedding
Conference,Conference - Dinner Nor,Port Robert,4/29/2025,Innovations in healthcare tech
Workshop,Workshop - Do Loss,Tinashire,1/15/2025,Python for beginners
Wedding,Wedding - Drop Remain,Parkerberg,7/17/2025,Destination beach wedding
Wedding,Wedding - Product Dark,Stevenfort,9/25/2025,Destination beach wedding
Workshop,Workshop - Everybody Save,New Kara,3/25/2025,Intro to data science techniques
Conference,Conference - Require Room,Woodton,8/30/2025,Innovations in healthcare tech
Wedding,Wedding - Relate News,Masonmouth,4/5/2025,Traditional cultural wedding
Conference,Conference - Continue Country,Port Samuel,8/27/2025,AI conference with workshops
Conference,Conference - Quite Parent,Mckinneytown,9/23/2025,AI conference with workshops
Workshop,Workshop - Policy Weight,Zacharyfurt,9/4/2025,Python for beginners
Wedding,Wedding - Country Rate,Lake Jennifermouth,11/29/2025,Destination beach wedding
Party,Party - Light Charge,Kelseyfort,4/30/2025,Summer beach festival
Wedding,Wedding - Outside Indeed,Port Amandabury,5/30/2025,Destination beach wedding
Conference,Conference - Leave Writer,Scotthaven,7/26/2025,Cloud computing summit
Workshop,Workshop - Traditional Option,West Alexis,6/12/2025,Graphic design masterclass
Party,Party - Why Exist,Riceville,12/4/2025,Summer beach festival
Party,Party - You Increase,West Christinaville,12/28/2025,Summer beach festival
Wedding,Wedding - Trip Training,North Codyhaven,6/28/2025,Traditional cultural wedding
Workshop,Workshop - Store Congress,New John,1/22/2025,Intro to data science techniques
Conference,Conference - Modern World,Lukestad,1/9/2025,Business networking event
Wedding,Wedding - Book Result,Thomastown,12/12/2025,Garden wedding celebration
Conference,Conference - Sense What,Lake Paula,2/18/2025,Cloud computing summit
Wedding,Wedding - Available Sing,South Brandiborough,2/25/2025,Garden wedding celebration
Party,Party - In Ask,Taylorside,2/8/2025,Summer beach festival
Conference,Conference - Boy Wife,Port Angeltown,12/11/2025,Cloud computing summit
Conference,Conference - Will Task,North Cynthiaside,6/29/2025,Showcase of tech trends
Wedding,Wedding - Capital Hundred,Stevensview,9/20/2025,Traditional cultural wedding
Party,Party - Save Somebody,Jimenezfurt,10/9/2025,Celebrate the New Year
Conference,Conference - Center Represent,New Ronald,8/17/2025,Innovations in healthcare tech
Wedding,Wedding - Understand Total,South Taylor,9/7/2025,Private family wedding
Party,Party - However Whole,Deborahbury,10/15/2025,Corporate gala night
Conference,Conference - Between Probably,New Nathanielmouth,7/6/2025,Business networking event
Party,Party - Factor Half,Kramerside,3/5/2025,Celebrate the New Year
Party,Party - Including Century,Jenniferfort,7/19/2025,Graduation celebration
Conference,Conference - Among Region,Lake Alishastad,1/8/2025,Showcase of tech trends
Wedding,Wedding - Election Conference,New Andrea,4/12/2025,Private family wedding
Workshop,Workshop - Green Indicate,South Brittanyborough,12/14/2025,Intro to data science techniques
Party,Party - Instead Because,Andradeberg,12/11/2025,Graduation celebration
Wedding,Wedding - Season American,Allisonmouth,3/3/2025,Garden wedding celebration
Conference,Conference - Nor It,Smithville,12/15/2025,Cloud computing summit
